cell_index,n,k,mu2,rho,controls,hetero,expected_first_stage_f,estimator,n_reps,n_failed,median_bias,mean_bias,mad,rmse,iqr_sd,coverage,median_ci_width,se_ratio,median_first_stage_f
0,500,5,25.0,0.5,0,True,6.0,OLS,2000,0,0.4248399432497629,0.425210697552186,0.4248399432497629,0.4272324292092967,0.0432818204825706,0.0,0.1609081586566687,0.946101405757306,5.820985042766331
0,500,5,25.0,0.5,0,True,6.0,2SLS,2000,0,0.0747490537110796,0.0639212863322094,0.1524999553167505,0.2278834653336945,0.2102557578542208,0.9185,0.8066588260703096,0.9763536054636364,5.820985042766331
0,500,5,25.0,0.5,0,True,6.0,JIVE1,2000,0,-0.2473070853493978,-0.2873425545295946,0.2551114969262474,0.4559545098166876,0.2724801766451922,0.898,0.9171865868403216,0.8566194377464548,5.820985042766331
0,500,5,25.0,0.5,0,True,6.0,JIVE2,2000,0,-0.2370639988095902,-0.2777356338826486,0.2473602902022684,0.4537380931095902,0.274770032165867,0.9065,0.9238140490222916,0.8556188425779113,5.820985042766331
0,500,5,25.0,0.5,0,True,6.0,UJIVE1,2000,0,-0.035024194711454,-0.0948701695946482,0.1926481239150833,0.563741922973848,0.2862948161218789,0.962,1.0634250494565132,0.9452758090444532,5.820985042766331
0,500,5,25.0,0.5,0,True,6.0,UJIVE2,2000,0,-0.0362002284936165,-0.0958538713002564,0.192586478801127,0.5947658989863868,0.2853863067161962,0.9625,1.0610220990089476,0.9461422590274498,5.820985042766331
1,500,5,25.0,0.5,2,True,6.0,OLS,2000,0,0.4234058138694763,0.4248820257525308,0.4234058138694763,0.4270301820475453,0.0418212289549951,0.0,0.1607061578875854,0.9779048574757724,5.772434330122243
1,500,5,25.0,0.5,2,True,6.0,2SLS,2000,0,0.07994669737864,0.0631827867783524,0.1563624624703401,0.2277481720069825,0.2083991311598381,0.928,0.8018500354676652,0.9791700578926272,5.772434330122243
1,500,5,25.0,0.5,2,True,6.0,JIVE1,2000,0,-0.3449963297001668,-0.4004707029544234,0.3450220004437561,0.5304109822138314,0.3024752481177178,0.773,0.9556164352551848,0.8039974006998567,5.772434330122243
1,500,5,25.0,0.5,2,True,6.0,JIVE2,2000,0,-0.3337275952212056,-0.3899287870690244,0.3339769733726958,0.5262387537920676,0.3061802873361434,0.7965,0.9668927472825148,0.803640753601784,5.772434330122243
1,500,5,25.0,0.5,2,True,6.0,UJIVE1,2000,0,-0.0795905732459168,-0.1821789746689455,0.2083673154693629,2.734557525721867,0.3332442725826665,0.9765,1.1870923565845088,0.9065310640163408,5.772434330122243
1,500,5,25.0,0.5,2,True,6.0,UJIVE2,2000,0,-0.0779992236828567,-0.4297149732164605,0.2088815824917573,15.972248639513271,0.3335681551019598,0.977,1.1869908021734812,0.905573377989967,5.772434330122243
2,500,5,100.0,0.5,0,True,21.0,OLS,2000,0,0.3691310081466898,0.3702584851576679,0.3691310081466898,0.3723887597960892,0.040261357611889,0.0,0.1528306577342666,0.9660224271898198,20.711825607822348
2,500,5,100.0,0.5,0,True,21.0,2SLS,2000,0,0.0203227119844965,0.013379052158094,0.0790768710320612,0.1135974472623798,0.1124300594358744,0.951,0.4316966847496853,0.9771504027251812,20.711825607822348
2,500,5,100.0,0.5,0,True,21.0,JIVE1,2000,0,-0.0664997311982955,-0.076955466134031,0.0912529984285768,0.144687432922697,0.120608791646792,0.9215,0.4475023773835506,0.9442381052194008,20.711825607822348
2,500,5,100.0,0.5,0,True,21.0,JIVE2,2000,0,-0.0538099199149151,-0.0640003090085647,0.0868850019989598,0.1394664856599323,0.1223539524797922,0.933,0.4503272895022031,0.9366458314064966,20.711825607822348
2,500,5,100.0,0.5,0,True,21.0,UJIVE1,2000,0,-0.0086973409463629,-0.0180644252039545,0.081899964306614,0.1252722061806061,0.1237308202743694,0.9555,0.4642320305677285,0.9548218574492052,20.711825607822348
2,500,5,100.0,0.5,0,True,21.0,UJIVE2,2000,0,-0.0088223514020874,-0.0180771519157442,0.0815350146277426,0.1249147288704023,0.1236718541225397,0.956,0.4634171861045512,0.953600359366802,20.711825607822348
3,500,5,100.0,0.5,2,True,21.0,OLS,2000,0,0.3721404330249398,0.3721648220131677,0.3721404330249398,0.374251214178887,0.0387006720033605,0.0,0.1530134817384294,1.0061716283980295,20.665851507158756
3,500,5,100.0,0.5,2,True,21.0,2SLS,2000,0,0.0191928036916926,0.0157441430610737,0.0736473496750093,0.1139135041989388,0.1065612469868691,0.9445,0.4309289406554517,1.0291229035082914,20.665851507158756
3,500,5,100.0,0.5,2,True,21.0,JIVE1,2000,0,-0.0969714435602985,-0.104099806962667,0.1081220187151646,0.1636030747426902,0.1161254600905207,0.895,0.4522239541147734,0.9910304331748456,20.665851507158756
3,500,5,100.0,0.5,2,True,21.0,JIVE2,2000,0,-0.0814571184224642,-0.0881100021384085,0.0989075244975702,0.15533071364594,0.1168045981270424,0.914,0.455764167844673,0.9929814017865548,20.665851507158756
3,500,5,100.0,0.5,2,True,21.0,UJIVE1,2000,0,-0.0188153596042879,-0.0260683160430184,0.0808289897717691,0.1308898084037112,0.1174655526810392,0.9565,0.4746690014858059,1.0283506344609623,20.665851507158756
3,500,5,100.0,0.5,2,True,21.0,UJIVE2,2000,0,-0.0191406357926317,-0.0261309922387893,0.0806010854932258,0.1304063707070875,0.1170284960130134,0.9555,0.4737930701543963,1.0302863748887747,20.665851507158756
4,500,5,300.0,0.5,0,True,61.0,OLS,2000,0,0.2798902330620272,0.2804251219069152,0.2798902330620272,0.2828008364619693,0.0371664597631138,0.0,0.1376731268127118,0.9426774607884352,60.67153784795619
4,500,5,300.0,0.5,0,True,61.0,2SLS,2000,0,0.0085641664906341,0.00818504986508,0.0448345491130979,0.0673846869298284,0.0654204473125982,0.939,0.2533054345633054,0.9853627497222563,60.67153784795619
4,500,5,300.0,0.5,0,True,61.0,JIVE1,2000,0,-0.0208763177071415,-0.0221267771986982,0.0465484954374646,0.0720259669578072,0.0676523317899375,0.938,0.2562872050058783,0.9640716164145828,60.67153784795619
4,500,5,300.0,0.5,0,True,61.0,JIVE2,2000,0,-0.0071071542543175,-0.0083498298736374,0.0457149901204958,0.0697746383573525,0.0680482147543544,0.943,0.2578790333868302,0.9644160732207488,60.67153784795619
4,500,5,300.0,0.5,0,True,61.0,UJIVE1,2000,0,-0.0013069595401178,-0.0019054062963494,0.0453775664640492,0.0688121152119868,0.0673309510490477,0.947,0.2596821598924638,0.9815049810298456,60.67153784795619
4,500,5,300.0,0.5,0,True,61.0,UJIVE2,2000,0,-0.0014745601423337,-0.0019086234088986,0.0452902082488281,0.0685889449657706,0.0673084770325085,0.947,0.2588415442699652,0.9786544164259096,60.67153784795619
5,500,5,300.0,0.5,2,True,61.0,OLS,2000,0,0.2802768249973899,0.2795503870556501,0.2802768249973899,0.2818922110520826,0.0355757014111438,0.0,0.1376412505697664,0.9845913463107936,60.42298624360869
5,500,5,300.0,0.5,2,True,61.0,2SLS,2000,0,0.0086836408928264,0.0072781476876664,0.0448794150845249,0.0669098729259399,0.065916888219985,0.942,0.2520960353792764,0.973262957795461,60.42298624360869
5,500,5,300.0,0.5,2,True,61.0,JIVE1,2000,0,-0.0310669117817287,-0.0331436275146,0.0514406234932197,0.0764636758760403,0.067263006802031,0.9205,0.2566343566478171,0.9709556545109262,60.42298624360869
5,500,5,300.0,0.5,2,True,61.0,JIVE2,2000,0,-0.013553773457636,-0.015640405977563,0.0485217952652254,0.0717123046918078,0.0682946985866599,0.939,0.2586195233141308,0.963685202036448,60.42298624360869
5,500,5,300.0,0.5,2,True,61.0,UJIVE1,2000,0,-0.0045237236405665,-0.0059972146906056,0.0462462590301747,0.069377483160196,0.0683675385703906,0.9485,0.260755080019997,0.9706076494526772,60.42298624360869
5,500,5,300.0,0.5,2,True,61.0,UJIVE2,2000,0,-0.0045140398735618,-0.0060137165186536,0.0463949259521166,0.0691980576177352,0.0676855685364695,0.949,0.2600330755645625,0.9776724727767464,60.42298624360869
6,500,20,25.0,0.5,0,True,2.25,OLS,2000,0,0.4215236755925601,0.4236257570755599,0.4215236755925601,0.4256102102961588,0.0416000498011915,0.0,0.1594801327610673,0.9756136772686388,2.215121611935901
6,500,20,25.0,0.5,0,True,2.25,2SLS,2000,0,0.1983386073664055,0.2022591895795062,0.2009734980030549,0.2513078288919951,0.1427614810005797,0.682,0.5653811526480136,1.0078488959182714,2.215121611935901
6,500,20,25.0,0.5,0,True,2.25,JIVE1,2000,0,-0.5034919565438278,-0.532198760750286,0.5034919565438278,0.5955164964097488,0.2539024510187702,0.232,0.7791950043162708,0.7809880851895931,2.215121611935901
6,500,20,25.0,0.5,0,True,2.25,JIVE2,2000,0,-0.482101262335711,-0.5109739233944688,0.482101262335711,0.5820866113294008,0.2627432301821754,0.3235,0.8050226033380322,0.7797254000986248,2.215121611935901
6,500,20,25.0,0.5,0,True,2.25,UJIVE1,2000,0,-0.028726285591571,-0.1484077864756947,0.2123342060547768,1.0074820058581684,0.3297277813784003,0.9595,1.204138875332832,0.9293647145315752,2.215121611935901
6,500,20,25.0,0.5,0,True,2.25,UJIVE2,2000,0,-0.0281525661116096,-0.1457297995821339,0.2118244954541708,0.9781089164047988,0.3283854468492961,0.9595,1.1976670423937277,0.9281482256091852,2.215121611935901
7,500,20,25.0,0.5,2,True,2.25,OLS,2000,0,0.4237601912600157,0.4255451007134604,0.4237601912600157,0.4275417522610645,0.0415973898556368,0.0,0.1597534468113604,0.9773385574571504,2.20372494435029
7,500,20,25.0,0.5,2,True,2.25,2SLS,2000,0,0.2101305260197539,0.2072532420300059,0.2118136286639709,0.2549695805425342,0.146690902877159,0.6765,0.5665447881635752,0.9828606388080092,2.20372494435029
7,500,20,25.0,0.5,2,True,2.25,JIVE1,2000,0,-0.5687266388445091,-0.611210860009365,0.5687266388445091,0.6838083374705063,0.2763988339596859,0.158,0.8058006555860895,0.7419118123835576,2.20372494435029
7,500,20,25.0,0.5,2,True,2.25,JIVE2,2000,0,-0.5503831861647349,-0.5923058309170901,0.5503831861647349,0.6739708666914409,0.290219947630823,0.234,0.8351599274751538,0.7323239952871458,2.20372494435029
7,500,20,25.0,0.5,2,True,2.25,UJIVE1,2000,0,-0.046327430569888,-0.0300695177232959,0.2405745304812977,3.2025643135454875,0.3782797743893919,0.9665,1.353215911493839,0.910363528187975,2.20372494435029
7,500,20,25.0,0.5,2,True,2.25,UJIVE2,2000,0,-0.0453759639945207,-0.1580940845879538,0.2389418820501339,5.497414493308761,0.3762637283154751,0.965,1.3572454625334274,0.9179666846909174,2.20372494435029
8,500,20,100.0,0.5,0,True,6.0,OLS,2000,0,0.3690506126424112,0.3699970522868018,0.3690506126424112,0.3720718978745138,0.0388818818019169,0.0,0.1515393512855192,0.9918438166775658,5.987764060520151
8,500,20,100.0,0.5,0,True,6.0,2SLS,2000,0,0.0739308867097834,0.0719790033343092,0.0851966726884076,0.1172973480740228,0.0896365605178561,0.849,0.3584400866631723,1.017645536563216,5.987764060520151
8,500,20,100.0,0.5,0,True,6.0,JIVE1,2000,0,-0.1884885191576691,-0.1970898876189759,0.1884885191576691,0.2306316547467673,0.1204304416142654,0.551,0.4046351914133008,0.8550519745267007,5.987764060520151
8,500,20,100.0,0.5,0,True,6.0,JIVE2,2000,0,-0.1507386848647776,-0.1604856086018194,0.1511530070438267,0.203372415722629,0.1266887266914755,0.6995,0.4136580045408096,0.8309379678605173,5.987764060520151
8,500,20,100.0,0.5,0,True,6.0,UJIVE1,2000,0,-0.009526436469314,-0.0152684923489258,0.0790601060951987,0.1245674552337569,0.1193601812343089,0.953,0.4510525539919024,0.9616849484308624,5.987764060520151
8,500,20,100.0,0.5,0,True,6.0,UJIVE2,2000,0,-0.0090838810674498,-0.0152559298746773,0.0803342931287272,0.1241390663038887,0.119000109406645,0.952,0.4497265806527685,0.9617591755664288,5.987764060520151
9,500,20,100.0,0.5,2,True,6.0,OLS,2000,0,0.3702208678741457,0.3708898456345141,0.3702208678741457,0.3728596588657997,0.0361725197240056,0.0,0.1508706488050435,1.0614190350115156,5.937341471225802
9,500,20,100.0,0.5,2,True,6.0,2SLS,2000,0,0.0712484283221961,0.0707531551071528,0.0834187243991063,0.1161337605808335,0.08877464674282,0.867,0.3575317675915404,1.0249119554337445,5.937341471225802
9,500,20,100.0,0.5,2,True,6.0,JIVE1,2000,0,-0.2162753083894306,-0.2278015252498706,0.2162753083894306,0.2585680353659476,0.1163047308634562,0.4425,0.4125729470701867,0.9027432350936744,5.937341471225802
9,500,20,100.0,0.5,2,True,6.0,JIVE2,2000,0,-0.1792245419175689,-0.1896006280163911,0.1792807401374025,0.2287583736137734,0.1219180860336063,0.617,0.4231638202373168,0.8832858414122298,5.937341471225802
9,500,20,100.0,0.5,2,True,6.0,UJIVE1,2000,0,-0.0181398584562754,-0.0286708897048424,0.0793534732090631,0.1313878134742016,0.1177553310637951,0.955,0.4652650413601046,1.0054968637100925,5.937341471225802
9,500,20,100.0,0.5,2,True,6.0,UJIVE2,2000,0,-0.0171957965871469,-0.0287003440219119,0.0788252158091041,0.1308968908418757,0.1180839173274232,0.9555,0.4644529164204192,1.0009486961009182,5.937341471225802
10,500,20,300.0,0.5,0,True,16.0,OLS,2000,0,0.2783128348036153,0.2788221391993574,0.2783128348036153,0.2809885697991244,0.0346169075809133,0.0,0.1335964920299441,0.9821366735124362,15.902018205090863
10,500,20,300.0,0.5,0,True,16.0,2SLS,2000,0,0.028291661734246,0.0269137825109963,0.0437714262552678,0.0633243849157768,0.0566522484021861,0.915,0.2233035543245585,1.0030986067612588,15.902018205090863
10,500,20,300.0,0.5,0,True,16.0,JIVE1,2000,0,-0.071207334029672,-0.0736880431818157,0.0719271839211633,0.0967004649963751,0.0617519543583425,0.787,0.2339926855246009,0.9643101034053676,15.902018205090863
10,500,20,300.0,0.5,0,True,16.0,JIVE2,2000,0,-0.0289909159240443,-0.0314460042988378,0.048770368231318,0.0724579377328169,0.0647810652703238,0.9225,0.2387439122046106,0.937884509659671,15.902018205090863
10,500,20,300.0,0.5,0,True,16.0,UJIVE1,2000,0,-0.0020894542410978,-0.004342445927452,0.0421735315458026,0.0632028212767246,0.0622501732425274,0.948,0.2428840609822046,0.9929413420511728,15.902018205090863
10,500,20,300.0,0.5,0,True,16.0,UJIVE2,2000,0,-0.0022665862043265,-0.0043720286342476,0.0416779321388008,0.063020072376892,0.0620938900793498,0.948,0.2423108617672604,0.993091250836968,15.902018205090863
11,500,20,300.0,0.5,2,True,16.0,OLS,2000,0,0.2774668936435831,0.2774617544784923,0.2774668936435831,0.2796595539961978,0.0350699044255371,0.0,0.1338330620929606,0.9711575891577342,15.9681361135282
11,500,20,300.0,0.5,2,True,16.0,2SLS,2000,0,0.027876057539619,0.0262652160318211,0.0438988150044036,0.0640290514363229,0.0562941700877806,0.909,0.222714134992526,1.0068047045752089,15.9681361135282
11,500,20,300.0,0.5,2,True,16.0,JIVE1,2000,0,-0.0822116627204495,-0.083801957751301,0.0829334561395453,0.1060374131506966,0.0638437037924683,0.7245,0.2342825472791202,0.93386207633275,15.9681361135282
11,500,20,300.0,0.5,2,True,16.0,JIVE2,2000,0,-0.036029725910979,-0.0380877173446414,0.0507459559821081,0.0780289835824344,0.0662915038399442,0.901,0.2394991927264793,0.9194054178418198,15.9681361135282
11,500,20,300.0,0.5,2,True,16.0,UJIVE1,2000,0,-0.0063368301465625,-0.0079897902722258,0.0425027810114454,0.0655153289891003,0.0635717391297539,0.9435,0.2443173964822274,0.9780277449389734,15.9681361135282
11,500,20,300.0,0.5,2,True,16.0,UJIVE2,2000,0,-0.0062101718793887,-0.0080041737971445,0.0424966469970041,0.0653369248876287,0.0634823024700574,0.9435,0.2435262920340622,0.9762342990843348,15.9681361135282
12,500,50,25.0,0.5,0,True,1.5,OLS,2000,0,0.4228578572788316,0.4241917517446258,0.4228578572788316,0.4262462914829856,0.0411070820673001,0.0,0.1606374032261439,0.9944779702703292,1.4842934009974993
12,500,50,25.0,0.5,0,True,1.5,2SLS,2000,0,0.302976620972037,0.3017000259286994,0.302976620972037,0.3218251939166269,0.1118451245925729,0.212,0.4232266487461165,0.962988476064798,1.4842934009974993
12,500,50,25.0,0.5,0,True,1.5,JIVE1,2000,0,-0.7249295374423466,-0.7440743292355323,0.7249295374423466,0.779478381872032,0.2308090431031406,0.002,0.6536458926981359,0.7207005578321076,1.4842934009974993
12,500,50,25.0,0.5,0,True,1.5,JIVE2,2000,0,-0.6930470629428095,-0.7146645501706747,0.6930470629428095,0.7600188824444553,0.2556609661146181,0.019,0.71600580204028,0.7127172298811271,1.4842934009974993
12,500,50,25.0,0.5,0,True,1.5,UJIVE1,2000,0,0.0021879325177942,-1.2519435525581777,0.2850113442297969,50.159280294943045,0.4413279216272533,0.958,1.6000800123987111,0.9226679547998206,1.4842934009974993
12,500,50,25.0,0.5,0,True,1.5,UJIVE2,2000,0,0.0016927895967068,1.6675266711942849,0.2863360692237474,80.9208350414951,0.4430464413510783,0.9565,1.5960279125814365,0.9167615114370972,1.4842934009974993
13,500,50,25.0,0.5,2,True,1.5,OLS,2000,0,0.4222319036942891,0.424008085504749,0.4222319036942891,0.4261546192388122,0.0412884001869708,0.0,0.1603197132852611,0.9881428851361422,1.4672627296754568
13,500,50,25.0,0.5,2,True,1.5,2SLS,2000,0,0.2990186472432118,0.2989685148575943,0.2990186472432118,0.3197282457497641,0.1096340217170961,0.222,0.4201900589860523,0.9753518313641218,1.4672627296754568
13,500,50,25.0,0.5,2,True,1.5,JIVE1,2000,0,-0.7680622719251502,-0.787414087722572,0.7680622719251502,0.8213522597014892,0.2241848108827197,0.002,0.6637867400466062,0.7535000125557972,1.4672627296754568
13,500,50,25.0,0.5,2,True,1.5,JIVE2,2000,0,-0.7421093095015392,-0.7619833864645446,0.7421093095015392,0.8054240270962586,0.249065357569119,0.012,0.730446905195246,0.7463391154349908,1.4672627296754568
13,500,50,25.0,0.5,2,True,1.5,UJIVE1,2000,0,-0.0350334051177556,-0.1663097319158046,0.3219553376879609,11.569424801698933,0.4941610559709308,0.9695,1.832693775991217,0.9438049798749596,1.4672627296754568
13,500,50,25.0,0.5,2,True,1.5,UJIVE2,2000,0,-0.0314857103957488,2.741665203234153,0.3214053362149383,72.5923683557287,0.4886694694750388,0.968,1.826963805022202,0.9514273087937272,1.4672627296754568
14,500,50,100.0,0.5,0,True,3.0,OLS,2000,0,0.3702837776980989,0.3701998257845849,0.3702837776980989,0.3721864895271483,0.039624105858432,0.0,0.1509383853824819,0.9694052488015448,2.9801628029565492
14,500,50,100.0,0.5,0,True,3.0,2SLS,2000,0,0.1461998353063588,0.1458643659015865,0.1461998353063588,0.1658511893260171,0.080538049781093,0.5275,0.305872553922002,0.966505973255326,2.9801628029565492
14,500,50,100.0,0.5,0,True,3.0,JIVE1,2000,0,-0.373636693449099,-0.3851600736412149,0.373636693449099,0.4062982557380524,0.1260456370389183,0.034,0.3920786715172766,0.7916086708355172,2.9801628029565492
14,500,50,100.0,0.5,0,True,3.0,JIVE2,2000,0,-0.3021016250400508,-0.3143076946814471,0.3021016250400508,0.3457083266769027,0.1397477564907854,0.1855,0.4177104904127708,0.7606689342070897,2.9801628029565492
14,500,50,100.0,0.5,0,True,3.0,UJIVE1,2000,0,-0.0108682437291285,-0.0245876944861302,0.0895153940744535,0.1485442023965338,0.1362013787870301,0.953,0.5029548780123607,0.9397507104451094,2.9801628029565492
14,500,50,100.0,0.5,0,True,3.0,UJIVE2,2000,0,-0.0102970482804601,-0.0244718467295559,0.0899378322161692,0.1481048904858561,0.1349652607459846,0.954,0.5024133379288985,0.9473365739210104,2.9801628029565492
15,500,50,100.0,0.5,2,True,3.0,OLS,2000,0,0.3724910545384283,0.373137776659785,0.3724910545384283,0.3752207157542742,0.0389570469644928,0.0,0.1511424252152962,0.987327500082366,2.978479084543931
15,500,50,100.0,0.5,2,True,3.0,2SLS,2000,0,0.1494766837013253,0.1500693788069506,0.1495915051669942,0.1697522158730116,0.0801997327713237,0.5175,0.3058501797400122,0.9705025812008362,2.978479084543931
15,500,50,100.0,0.5,2,True,3.0,JIVE1,2000,0,-0.39501328302879,-0.4035608081495506,0.39501328302879,0.4232640627368692,0.1253302762565523,0.019,0.3955328088624148,0.8031328545819246,2.978479084543931
15,500,50,100.0,0.5,2,True,3.0,JIVE2,2000,0,-0.3229523799369505,-0.332544381975631,0.3229523799369505,0.361871152578619,0.1381476238372239,0.1525,0.4237122780194294,0.7805280327463651,2.978479084543931
15,500,50,100.0,0.5,2,True,3.0,UJIVE1,2000,0,-0.0187966779903296,-0.0299025792136615,0.0933222772842692,0.1525051430875541,0.1393492236981788,0.956,0.5201709733426281,0.949953694839148,2.978479084543931
15,500,50,100.0,0.5,2,True,3.0,UJIVE2,2000,0,-0.0184330580207521,-0.0300714604019375,0.0926500437967464,0.152059637945375,0.1375037192187257,0.955,0.5195547861458039,0.961563081723278,2.978479084543931
16,500,50,300.0,0.5,0,True,7.0,OLS,2000,0,0.2789088198863785,0.2791839558781067,0.2789088198863785,0.2812986123184363,0.0342692710974161,0.0,0.133696733498811,0.992844128074856,6.919068245221833
16,500,50,300.0,0.5,0,True,7.0,2SLS,2000,0,0.0614557949980884,0.0620819932444981,0.0626439912237183,0.0817926391724453,0.0538527034192397,0.7595,0.2057943579361905,0.9725033280576688,6.919068245221833
16,500,50,300.0,0.5,0,True,7.0,JIVE1,2000,0,-0.1675119797734549,-0.1678749317806784,0.1675119797734549,0.1811329442237018,0.0660675318963305,0.198,0.2310826114843822,0.8901113236246926,6.919068245221833
16,500,50,300.0,0.5,0,True,7.0,JIVE2,2000,0,-0.0711205624650407,-0.0719961436334352,0.0750788468286337,0.1044278191733927,0.0729963663322743,0.781,0.2421445123593045,0.8441867499374839,6.919068245221833
16,500,50,300.0,0.5,0,True,7.0,UJIVE1,2000,0,-0.0062389191953768,-0.0065509669438538,0.0442113151711728,0.0674810070357769,0.0661760712994267,0.9435,0.2504738475038456,0.9632223440824624,6.919068245221833
16,500,50,300.0,0.5,0,True,7.0,UJIVE2,2000,0,-0.0063441078855369,-0.0065907896334107,0.0439357781387582,0.0672451431147155,0.0651204331163487,0.943,0.249893264073726,0.9765678251353788,6.919068245221833
17,500,50,300.0,0.5,2,True,7.0,OLS,2000,0,0.2779006236823924,0.2784554630838934,0.2779006236823924,0.2806504358678665,0.0365597984911297,0.0,0.1329746322662734,0.9256054020141644,6.9681469086709935
17,500,50,300.0,0.5,2,True,7.0,2SLS,2000,0,0.0645967044951436,0.0634877375241688,0.0657807495289997,0.0825533023402757,0.0525939777470975,0.7515,0.2059385731567517,0.9964661655768496,6.9681469086709935
17,500,50,300.0,0.5,2,True,7.0,JIVE1,2000,0,-0.1726552278394872,-0.1757073074980632,0.1726552278394872,0.1884706185201112,0.0665789889018853,0.1645,0.2318060873652646,0.8860301840206939,6.9681469086709935
17,500,50,300.0,0.5,2,True,7.0,JIVE2,2000,0,-0.073183374117986,-0.0768974162973538,0.0751673189115527,0.1082885934303344,0.0745111658493815,0.7565,0.243413512788706,0.8313505742461771,6.9681469086709935
17,500,50,300.0,0.5,2,True,7.0,UJIVE1,2000,0,-0.0048814813638242,-0.0077743871937042,0.0447147064153737,0.0672601380162947,0.0654919893092698,0.9465,0.2521343202102836,0.9797260574941116,6.9681469086709935
17,500,50,300.0,0.5,2,True,7.0,UJIVE2,2000,0,-0.0043628156606606,-0.0077710903265599,0.0448278778983085,0.0670904995775813,0.0658163535436427,0.9455,0.2515465304644937,0.97262491486656,6.9681469086709935
18,500,100,25.0,0.5,0,True,1.25,OLS,2000,0,0.4249404329103721,0.4247184061419335,0.4249404329103721,0.426790122523126,0.0405008485375822,0.0,0.1603836269428824,1.0077691286776995,1.2446421893735176
18,500,100,25.0,0.5,0,True,1.25,2SLS,2000,0,0.3630848782171608,0.3626066206823617,0.3630848782171608,0.3717650172782612,0.0818231876355183,0.0085,0.3188620656334429,0.9917257796782294,1.2446421893735176
18,500,100,25.0,0.5,0,True,1.25,JIVE1,2000,0,-0.8459765785518006,-0.8530431530205332,0.8459765785518006,0.8702766933420406,0.1695907795750861,0.0,0.5040917969512666,0.7564366033560649,1.2446421893735176
18,500,100,25.0,0.5,0,True,1.25,JIVE2,2000,0,-0.8044512662546066,-0.8155885400953335,0.8044512662546066,0.8437784053688006,0.2156864152273737,0.0,0.6173763383716047,0.7284375590153895,1.2446421893735176
18,500,100,25.0,0.5,0,True,1.25,UJIVE1,2000,0,0.0952272595852817,-0.194453531631252,0.3792160406505303,10.89098840516382,0.5438057068461808,0.9595,2.1190047503768534,0.9916383443248016,1.2446421893735176
18,500,100,25.0,0.5,0,True,1.25,UJIVE2,2000,0,0.0925133374713289,-0.3531502837511858,0.3725089188035692,12.063958916353856,0.5407597592615756,0.961,2.120553070365731,0.9979526183677696,1.2446421893735176
19,500,100,25.0,0.5,2,True,1.25,OLS,2000,0,0.4251217174431438,0.4259925089295031,0.4251217174431438,0.4281198486491402,0.0425487038154629,0.0,0.1602117175215327,0.958227913155672,1.234611553982795
19,500,100,25.0,0.5,2,True,1.25,2SLS,2000,0,0.3584219314982837,0.3601468494599854,0.3584219314982837,0.3696388837232842,0.0851070624971738,0.0115,0.3192390541246279,0.9545777128083393,1.234611553982795
19,500,100,25.0,0.5,2,True,1.25,JIVE1,2000,0,-0.8777635492420592,-0.8827661391960965,0.8777635492420592,0.9003169653964171,0.17831102205538,0.0,0.5124794024343622,0.7314069815602724,1.234611553982795
19,500,100,25.0,0.5,2,True,1.25,JIVE2,2000,0,-0.8479913950926077,-0.8521805166021854,0.8479913950926077,0.8807526199722944,0.2236194207136178,0.0,0.6336202652852814,0.7210749637987761,1.234611553982795
19,500,100,25.0,0.5,2,True,1.25,UJIVE1,2000,0,0.0664818630580924,-0.085359305706727,0.4275946750794767,32.16399646979943,0.6346665701612292,0.964,2.516174627167964,1.0089183740305925,1.234611553982795
19,500,100,25.0,0.5,2,True,1.25,UJIVE2,2000,0,0.0658486820214657,2.246495493943371,0.429449575770196,89.3475999038827,0.6355822537647605,0.966,2.543724579229588,1.0184956998679129,1.234611553982795
20,500,100,100.0,0.5,0,True,2.0,OLS,2000,0,0.3727602055562447,0.373297598852248,0.3727602055562447,0.3753898518266456,0.0394036801292647,0.0,0.1516677299777526,0.979538575915951,1.999462223756705
20,500,100,100.0,0.5,0,True,2.0,2SLS,2000,0,0.2229342070696442,0.2227916428401946,0.2229342070696442,0.23252930383794,0.0647564596514512,0.095,0.259054513155613,1.01805961013017,1.999462223756705
20,500,100,100.0,0.5,0,True,2.0,JIVE1,2000,0,-0.5713274550750973,-0.5781803929998246,0.5713274550750973,0.5919472463015155,0.1240620472050016,0.0,0.3640235257446825,0.7467163324124603,1.999462223756705
20,500,100,100.0,0.5,0,True,2.0,JIVE2,2000,0,-0.4625335938312967,-0.4705944408705234,0.4625335938312967,0.4967148289974772,0.1561065763550964,0.021,0.4270427226199452,0.6961699422761661,1.999462223756705
20,500,100,100.0,0.5,0,True,2.0,UJIVE1,2000,0,-0.0099494189179683,-0.0381195513348004,0.1127990028966087,0.2142447233912734,0.1718417192358534,0.952,0.6041980355572418,0.8947791217894867,1.999462223756705
20,500,100,100.0,0.5,0,True,2.0,UJIVE2,2000,0,-0.0093411686257411,-0.0378912739613814,0.1121939934926407,0.2124182367813919,0.1699095357673018,0.9505,0.60206620482427,0.9017613949657528,1.999462223756705
21,500,100,100.0,0.5,2,True,2.0,OLS,2000,0,0.3688816359866296,0.3703603048540798,0.3688816359866296,0.3725409862284231,0.0407352755306029,0.0,0.1504399429298411,0.9398388160494158,1.991993179880592
21,500,100,100.0,0.5,2,True,2.0,2SLS,2000,0,0.2266039017508071,0.2253053615763127,0.2266039017508071,0.2350246809897932,0.0663621096087741,0.0855,0.2584499360050296,0.99109919044728,1.991993179880592
21,500,100,100.0,0.5,2,True,2.0,JIVE1,2000,0,-0.5813223608216515,-0.588645424120416,0.5813223608216515,0.6014646731303884,0.1255726088921167,0.0,0.3647177246483938,0.7391334014451503,1.991993179880592
21,500,100,100.0,0.5,2,True,2.0,JIVE2,2000,0,-0.4706542162054071,-0.4815799336168803,0.4706542162054071,0.5061006578951741,0.1576157950220278,0.012,0.4305518839118767,0.6951629745610303,1.991993179880592
21,500,100,100.0,0.5,2,True,2.0,UJIVE1,2000,0,-0.0151405555270341,-0.03381009282132,0.1111564363310871,0.1930421237834169,0.1687649156629715,0.962,0.6205156094292373,0.9356887763834136,1.991993179880592
21,500,100,100.0,0.5,2,True,2.0,UJIVE2,2000,0,-0.0141499848362898,-0.0339819692918677,0.1112730662507041,0.1925141148588827,0.1688269644347627,0.961,0.6183423448041367,0.9320689759719026,1.991993179880592
22,500,100,300.0,0.5,0,True,4.0,OLS,2000,0,0.2788831021107411,0.2796636279852154,0.2788831021107411,0.2816420855397528,0.0341065678328892,0.0,0.1324379610050337,0.988188077184026,3.9837872623433537
22,500,100,300.0,0.5,0,True,4.0,2SLS,2000,0,0.1132652445150027,0.1122452877860682,0.1132652445150027,0.1222003756450818,0.0482707613636076,0.362,0.1887362107446333,0.9950301142274784,3.9837872623433537
22,500,100,300.0,0.5,0,True,4.0,JIVE1,2000,0,-0.301584732075452,-0.3029803610261778,0.301584732075452,0.3120976685055996,0.0741751508426401,0.0015,0.2320730440485922,0.7962169208818678,3.9837872623433537
22,500,100,300.0,0.5,0,True,4.0,JIVE2,2000,0,-0.1233229272635743,-0.1253903696166536,0.1235991160350967,0.156607857411272,0.0922951779456518,0.526,0.2563499188867233,0.7068370652240069,3.9837872623433537
22,500,100,300.0,0.5,0,True,4.0,UJIVE1,2000,0,-0.0001483967209754,-0.0047571479253203,0.0506484534491171,0.0746101990794523,0.0760833320326562,0.943,0.2725326554161997,0.9115786936498554,3.9837872623433537
22,500,100,300.0,0.5,0,True,4.0,UJIVE2,2000,0,-0.0007303254960063,-0.0047431608867543,0.0501108762104892,0.0744841986963611,0.0752178000549654,0.9435,0.2720969823111379,0.9205942123831826,3.9837872623433537
23,500,100,300.0,0.5,2,True,4.0,OLS,2000,0,0.2772549118641148,0.278732952008487,0.2772549118641148,0.2808731391410783,0.0348787190163865,0.0,0.1325696916810637,0.96726304572218,3.9880283287946567
23,500,100,300.0,0.5,2,True,4.0,2SLS,2000,0,0.1132417130722985,0.1126786813196707,0.1132417130722985,0.1227894578480142,0.0463952107224413,0.349,0.1878531938519445,1.030401085724434,3.9880283287946567
23,500,100,300.0,0.5,2,True,4.0,JIVE1,2000,0,-0.3098503833293394,-0.3122362503336022,0.3098503833293394,0.3208494312666304,0.0718147332740402,0.0005,0.2331968671845659,0.8263614249519587,3.9880283287946567
23,500,100,300.0,0.5,2,True,4.0,JIVE2,2000,0,-0.1294245185086152,-0.1332951931169607,0.1294536926561224,0.1624607954786798,0.0911805507655104,0.5045,0.2598708623449304,0.7252976199500663,3.9880283287946567
23,500,100,300.0,0.5,2,True,4.0,UJIVE1,2000,0,-0.0036014489835782,-0.0069973173848698,0.0482498790752132,0.0750563255009365,0.0722425982138207,0.9485,0.27411002518313,0.9655892863734948,3.9880283287946567
23,500,100,300.0,0.5,2,True,4.0,UJIVE2,2000,0,-0.0033707109325921,-0.0070982799506874,0.0483528212346973,0.0749279063379353,0.0723778212248041,0.9505,0.273604782486349,0.9620088222859938,3.9880283287946567
